RMS,Peak,Freq,Crest,THD
0.003,0.0117,1287.5,3.84,6.867411207044673
0.0033,0.0117,1312.5,3.582,4.793491409529133
0.0034,0.0118,1112.5,3.48,6.796011122539736
0.0032,0.0103,1137.5,3.254,7.335477523325319
0.0034,0.0087,1275.0,2.56,6.53397262150032
0.0036,0.0114,1187.5,3.18,6.449365101065383
0.0033,0.011,1250.0,3.29,7.3659807877402415
0.0035,0.0102,1175.0,2.926,5.930202811631855
0.003,0.0092,1212.5,3.019,5.451326781113321
0.003,0.0084,1262.5,2.849,7.03664874139961
0.0033,0.0117,1187.5,3.549,5.964311034633282
0.0035,0.0124,1137.5,3.58,6.460861610591163
0.0035,0.016,1137.5,4.521,5.499228160149528
0.0032,0.0107,1325.0,3.409,6.121433625449095
0.0036,0.0143,1112.5,4.003,7.482759279139632
0.0032,0.0086,1162.5,2.715,6.554910641470937
0.0034,0.0127,1437.5,3.754,5.421861409156126
0.0032,0.0097,1425.0,3.072,6.527835025654285
0.0036,0.0176,1200.0,4.954,5.731616115708735
0.0031,0.0089,1125.0,2.838,5.706345183641278
0.0033,0.0085,1362.5,2.57,5.873163589327557
0.0033,0.009,1175.0,2.727,5.12231161369424
0.0036,0.0118,1225.0,3.242,6.39291746402182
0.0037,0.0167,1112.5,4.508,7.320461963052078
0.0031,0.0111,1275.0,3.551,5.136045708682366
0.0032,0.0086,1275.0,2.651,5.1675992123474455
0.0034,0.0085,1262.5,2.523,5.940917382303492
0.0036,0.0189,1262.5,5.187,5.6910050401797
0.0033,0.0102,1437.5,3.107,5.828255681211726
0.0034,0.0109,1212.5,3.224,6.177533418513407
0.0029,0.0074,1262.5,2.571,6.1874649106000525
0.0041,0.0174,1187.5,4.305,5.725747821290329
0.0035,0.0088,1387.5,2.537,6.160867006069504
0.0035,0.0144,1400.0,4.147,4.32944169337504
0.0034,0.012,1312.5,3.55,5.448711483890199
0.0037,0.0204,1162.5,5.43,5.492092852975664
0.0032,0.0087,1325.0,2.745,6.386400528270423
0.003,0.0083,1162.5,2.797,6.474615106335921
0.0033,0.0103,1225.0,3.163,6.254888585360174
0.0031,0.0111,1250.0,3.53,6.709180334885311
0.0032,0.01,1312.5,3.15,7.058845135359883
0.003,0.0092,1212.5,3.014,7.238629295556843
0.0029,0.0102,1237.5,3.509,6.080764301002325
0.003,0.0131,1437.5,4.321,6.607715506240487
0.003,0.0087,1412.5,2.853,5.99972037548025
0.003,0.0086,1425.0,2.842,5.058319666221008
0.0031,0.0082,1237.5,2.674,5.331334352301003
0.0033,0.0144,1187.5,4.339,7.046193894269001
0.0034,0.0118,1450.0,3.488,6.542254144869439
0.0035,0.0103,1150.0,2.979,6.2463088574024885
0.0033,0.0092,1150.0,2.751,6.602952326131958
0.0032,0.0092,1225.0,2.842,5.733725383661408
0.0028,0.008,1262.5,2.833,6.889361611956168
0.0034,0.0115,1237.5,3.377,6.091849802647285
0.0034,0.0095,1275.0,2.769,6.211016887209651
0.0035,0.0099,1262.5,2.863,6.482261068605311
0.0035,0.0112,1212.5,3.203,6.061832567436013
0.0029,0.0082,1275.0,2.786,5.820801015690464
0.0033,0.0091,1200.0,2.739,5.81741678242357
0.0032,0.0084,1212.5,2.666,6.105382056764987
0.0035,0.0122,1325.0,3.463,6.538650427666825
0.0032,0.0129,1337.5,3.977,6.351525680053826
0.0033,0.009,1100.0,2.699,6.532199154533637
0.0028,0.0082,1150.0,2.892,6.222397385505977
0.003,0.0103,1212.5,3.441,7.098930937267078
0.0035,0.0094,1212.5,2.648,5.076810950901302
0.0033,0.0117,1200.0,3.516,6.777312040270788
0.0031,0.0081,1187.5,2.601,6.433666427912254
0.0033,0.0191,1375.0,5.768,4.559081622005556
0.0036,0.0136,1300.0,3.815,6.522466924145084
0.0034,0.0112,1300.0,3.323,4.775429395979851
0.0027,0.0087,1312.5,3.189,6.173661357242749
0.003,0.0087,1200.0,2.898,6.228780403573158
0.0028,0.0069,1050.0,2.461,6.224964779701739
0.0029,0.0087,1250.0,3.011,6.2038868316287585
0.003,0.0103,1162.5,3.417,5.510069077039849
0.0032,0.0101,1200.0,3.15,6.1251871026721325
0.003,0.0091,1262.5,3.042,7.246187970954709
0.0031,0.0086,1225.0,2.803,6.950985829251273
0.003,0.0095,1300.0,3.129,7.578801624742312
0.0028,0.0081,1337.5,2.953,5.866590818878245
0.0032,0.0118,950.0,3.648,5.030693246950883
0.0033,0.0117,1250.0,3.566,6.467993273440787
0.0035,0.0099,1300.0,2.841,6.847185306643043
0.0031,0.0097,1187.5,3.118,4.495784908118601
0.003,0.0109,1312.5,3.624,7.077427756639351
0.0032,0.0092,1300.0,2.873,8.066922632185594
0.0029,0.0088,1337.5,3.022,6.018351849714772
0.0029,0.0073,1375.0,2.527,6.278450534013999
0.0032,0.011,1175.0,3.404,6.748003591784325
0.0033,0.0157,1350.0,4.813,6.777464148672479
0.0031,0.0097,1250.0,3.166,5.607566185955546
0.0029,0.0084,1337.5,2.856,6.465718621526775
0.003,0.0085,1300.0,2.791,6.691027821807534
0.003,0.0112,1225.0,3.701,6.065191088394301
0.0031,0.0078,1325.0,2.521,6.004987054530822
0.003,0.009,1387.5,2.981,5.9857092786615125
0.0026,0.0085,1175.0,3.308,7.156531568950607
0.0034,0.0123,1375.0,3.665,6.183244951429922
0.0033,0.0129,1250.0,3.952,6.14812732594578
0.003,0.0091,1162.5,3.052,6.237642489677316
0.003,0.0125,1300.0,4.18,5.997896333400151
0.0034,0.0129,1187.5,3.793,7.2649465636214945
0.003,0.0104,1250.0,3.494,6.052763571444711
0.0029,0.0092,1137.5,3.175,5.356870948543524
0.003,0.0095,1237.5,3.175,6.751095762483536
0.003,0.0096,1250.0,3.164,4.7981383261803545
0.003,0.0126,1262.5,4.164,6.369381196348859
0.0029,0.0089,1400.0,3.116,6.568969775192421
0.0028,0.0083,1237.5,2.938,7.311012511841691
0.003,0.0093,1125.0,3.109,6.5056761876318685
0.0031,0.0133,1387.5,4.266,5.6477306369527405
0.0028,0.0083,1250.0,2.968,5.651144222618594
0.0032,0.0119,1150.0,3.667,6.195208983038772
0.0027,0.0084,1212.5,3.102,4.437678927436603
0.0029,0.0071,1100.0,2.436,7.101629864746247
0.003,0.0169,1187.5,5.652,6.2845997905144735
0.0037,0.0119,1312.5,3.272,6.258806427260855
0.0035,0.0086,1187.5,2.468,5.421957664191038
0.0035,0.0085,1162.5,2.464,5.9361550317800615
0.0044,0.023,1362.5,5.264,6.654287998432259
0.0033,0.0084,1125.0,2.551,5.563682364779005
0.0035,0.0101,1237.5,2.881,6.83111343464896
0.0036,0.0114,1312.5,3.142,6.1064594399019905
0.0036,0.014,1262.5,3.903,6.751794419675664
0.0034,0.0117,1312.5,3.465,5.7527963952409955
0.0033,0.0088,1312.5,2.655,6.047110474618448
0.0033,0.0112,1187.5,3.435,6.655421479866006
0.0034,0.0215,1187.5,6.276,6.652645587817447
0.0034,0.0174,1350.0,5.045,6.141325685970645
0.003,0.0088,1250.0,2.969,6.100048967537851
0.0028,0.0096,1287.5,3.432,6.462711589037611
0.003,0.0088,1262.5,2.987,6.856346209509399
0.0031,0.0114,1125.0,3.688,6.816654073270659
0.0029,0.0101,1262.5,3.434,6.19051845695241
0.0028,0.0066,1212.5,2.32,6.411240063943256
0.0028,0.0094,1375.0,3.359,5.876537200864212
0.0028,0.0078,1237.5,2.756,7.45637413839988
0.0028,0.0081,1137.5,2.873,7.351762549804002
0.0026,0.0093,1387.5,3.661,5.8585013060385
0.0028,0.0081,1162.5,2.912,6.966863075181295
0.003,0.0093,1137.5,3.076,5.2602401153607685
0.0027,0.0088,1250.0,3.271,6.116956173927114
0.0028,0.0082,1237.5,2.982,6.813427969297546
0.0028,0.0075,1300.0,2.709,5.848482979643947
0.0027,0.0086,1300.0,3.206,6.244245341316171
0.0029,0.0102,1100.0,3.482,6.4952894548263265
0.0037,0.0191,1262.5,5.181,5.597942209676008
0.0022,0.0077,1237.5,3.477,6.706022216857254
0.0028,0.0161,1250.0,5.711,6.973766522355956
0.0023,0.0083,1250.0,3.666,6.962758266963296
0.0024,0.0089,1237.5,3.748,5.6628339410730995
0.002,0.0058,1337.5,2.93,5.343138990390526
0.0022,0.0065,1212.5,2.97,6.960965332421414
0.0022,0.0081,1150.0,3.761,5.82188925006519
0.0021,0.0077,1325.0,3.657,6.769142247313936
0.0021,0.0083,1362.5,3.898,6.3511166081836805
0.002,0.0061,1212.5,3.064,5.102944887742946
0.0021,0.0067,1325.0,3.161,6.510343350064282
0.0024,0.008,1162.5,3.305,6.5789349486519475
0.0022,0.0074,1362.5,3.363,6.329690761533797
0.0021,0.0057,1250.0,2.71,6.0884468485964875
0.0021,0.0092,1262.5,4.354,6.61354913378171
0.0022,0.0086,1250.0,3.969,5.899708254320348
0.0022,0.0078,1237.5,3.632,6.0887707574565155
0.0023,0.0082,1100.0,3.635,5.224764035208548
0.0022,0.0065,1175.0,2.903,7.497366220440651
0.0021,0.0064,1200.0,2.995,7.704566033636628
0.0022,0.0068,1162.5,3.119,6.581463160751855
0.0022,0.0067,987.5,3.0,5.863671099517706
0.0022,0.0068,1237.5,3.12,6.526340081302758
0.0022,0.0093,1212.5,4.138,6.005233615690719
0.0024,0.0098,1275.0,4.052,5.600140280845773
0.0023,0.0093,1112.5,3.991,5.597513244965766
0.0024,0.0079,1262.5,3.322,5.605924834176641
0.0027,0.0107,1312.5,3.918,5.756376452268422
0.0024,0.0067,1200.0,2.779,7.40421597175513
0.0025,0.01,1375.0,3.961,6.606995070344192
0.0023,0.0084,1250.0,3.642,7.4187892192442835
0.0024,0.0077,1262.5,3.214,6.908769165514306
0.0024,0.013,1425.0,5.362,6.043994332502969
0.0023,0.0092,1250.0,3.938,6.047801548755672
0.0024,0.0083,1212.5,3.527,5.217594203110517
0.0023,0.0081,1312.5,3.521,6.563862669309493
0.0023,0.007,1200.0,3.001,6.111700609822571
0.0024,0.0077,1287.5,3.182,6.713950247679561
0.0027,0.0141,1200.0,5.134,6.028276599184863
0.0023,0.0068,1212.5,2.937,5.781194576151595
0.0022,0.0072,1125.0,3.283,6.8028374278247465
0.0023,0.0068,1175.0,2.987,5.692507729698338
0.0024,0.0072,1112.5,3.05,5.2174561674178
0.003,0.0155,1187.5,5.236,6.9455909310728625
0.0024,0.0067,1262.5,2.797,5.9527743938991176
0.0022,0.008,1137.5,3.71,6.617547484013931
0.0024,0.0087,1450.0,3.689,6.45020439581216
0.0024,0.0082,1162.5,3.446,6.436625703574183
0.0022,0.0077,1225.0,3.462,6.345568714647315
0.115,0.1902,62.5,1.654,1.9409456635423645
0.1166,0.173,62.5,1.483,2.037258794419788
0.1147,0.1833,62.5,1.597,1.9768339266389858
0.1147,0.1849,62.5,1.613,1.9601233549776584
0.1156,0.1778,62.5,1.537,2.1486232757672084
0.1149,0.1871,62.5,1.628,1.9490069474263052
0.116,0.1773,62.5,1.529,2.1034137477339176
0.1167,0.1685,62.5,1.443,2.021668343551624
0.1156,0.1788,62.5,1.546,2.1424127080985453
0.1149,0.1798,62.5,1.565,2.0335982778005386
0.1167,0.1674,62.5,1.434,2.024290918608871
0.1148,0.184,62.5,1.603,1.9789457554179601
0.1145,0.1846,62.5,1.612,1.9532044876708197
0.1165,0.1685,62.5,1.446,2.0343114169154792
0.1148,0.1836,62.5,1.599,1.944936367469161
0.1167,0.1674,62.5,1.435,2.025698343308467
0.1167,0.1693,62.5,1.451,2.020148518066137
0.1164,0.173,62.5,1.486,2.0347216306210045
0.1167,0.1671,62.5,1.432,2.0319515863884456
0.1154,0.1811,62.5,1.57,2.118387244936681
0.1146,0.1848,62.5,1.612,1.965485115682058
0.1151,0.1833,62.5,1.592,2.057307569748635
0.1148,0.1834,62.5,1.598,2.009164386385259
0.1156,0.1812,62.5,1.568,2.1466076652212225
0.1151,0.183,62.5,1.589,2.106184997478889
0.1154,0.1814,62.5,1.572,2.096030254678195
0.1157,0.1776,62.5,1.535,2.1474073917314187
0.1168,0.172,62.5,1.473,2.02795331764278
0.1148,0.184,62.5,1.603,1.9897225760842616
0.1145,0.1824,62.5,1.592,1.970602243628735
0.1146,0.1862,75.0,1.624,1.930486380425258
0.1147,0.187,62.5,1.631,1.9386171324534551
0.115,0.1832,62.5,1.593,2.0020462847287384
0.1155,0.1803,62.5,1.561,2.0960845258163
0.1164,0.1709,62.5,1.468,2.05218178225933
0.115,0.1836,62.5,1.597,2.001350718293351
0.1155,0.1784,62.5,1.545,2.155582916996597
0.1149,0.1867,62.5,1.625,1.9918092144729556
0.1147,0.1834,62.5,1.599,1.9756792343171004
0.1155,0.182,62.5,1.576,2.1172013143994803
0.1158,0.1822,62.5,1.574,2.151442864348847
0.1164,0.1731,62.5,1.488,2.0698375651673158
0.1158,0.1761,62.5,1.522,2.1062719167147397
0.1154,0.1808,62.5,1.568,2.099959615673736
0.1151,0.1848,62.5,1.606,1.94740869128963
0.1159,0.1752,62.5,1.511,2.0729168748948448
0.1162,0.172,62.5,1.48,2.0574995471291433
0.1167,0.1642,62.5,1.407,2.025184731506975
0.1151,0.1861,62.5,1.617,1.9935943234030806
0.1151,0.1833,62.5,1.593,2.013832436388971
0.1166,0.174,62.5,1.493,2.0288937661314046
0.1156,0.1775,62.5,1.535,2.1208103910043543
0.1147,0.1867,75.0,1.628,1.9347191326494315
0.1165,0.1675,62.5,1.438,2.0257054883534305
0.1143,0.1867,75.0,1.634,1.9320440782375539
0.1147,0.1847,62.5,1.61,1.9765880188253282
0.115,0.1831,62.5,1.592,2.0668671704451627
0.1165,0.1652,62.5,1.418,2.0260300741040713
0.1162,0.1675,62.5,1.441,2.0328155205704594
0.1149,0.1842,62.5,1.604,2.0525904517842224
0.115,0.1812,62.5,1.576,2.0812290693879256
0.1166,0.167,62.5,1.432,2.0233966884009864
0.1149,0.185,62.5,1.61,1.9374511563014432
0.1167,0.168,62.5,1.439,2.029588721132166
0.1164,0.1703,62.5,1.463,2.0555992090391793
0.116,0.1689,62.5,1.455,2.0380774252335176
0.1161,0.1683,62.5,1.451,2.0304295017593463
0.1152,0.1776,62.5,1.542,2.1561028612735496
0.1142,0.1833,75.0,1.606,1.9371285070041317
0.1142,0.1892,75.0,1.656,1.9301558163407342
0.116,0.1704,62.5,1.469,2.049870887335983
0.1161,0.1716,62.5,1.478,2.0543536820150368
0.1155,0.1758,62.5,1.522,2.0851143564053447
0.1148,0.1813,62.5,1.579,2.0351626487004553
0.1147,0.1869,62.5,1.629,1.9538222190691932
0.1164,0.1721,62.5,1.479,2.0422913653021353
0.1158,0.1812,62.5,1.564,2.1395222220735923
0.1163,0.1677,62.5,1.442,2.024252235802256
0.1157,0.1745,62.5,1.508,2.0697012381145807
0.1149,0.1849,62.5,1.609,2.059674999369042
0.1147,0.1804,62.5,1.573,2.075361626872748
0.1162,0.1742,62.5,1.499,2.0638418855607528
0.1158,0.1734,62.5,1.497,2.0824075365737107
0.1145,0.1838,62.5,1.606,1.9435175259122264
0.1146,0.1862,62.5,1.625,1.9518542320049355
0.115,0.1813,62.5,1.577,2.092578745552175
0.1163,0.1694,62.5,1.457,2.0464049202661405
0.1152,0.1816,62.5,1.576,2.139988117354646
0.1144,0.1871,87.5,1.635,1.93477596307017
0.1163,0.1667,62.5,1.434,2.0231335775661243
0.1148,0.1877,62.5,1.635,1.9504553408432372
0.1153,0.1849,62.5,1.604,2.0685807332626402
0.1162,0.1655,62.5,1.424,2.0254057351329124
0.1153,0.1792,62.5,1.555,2.1509790840099674
0.1147,0.1847,62.5,1.61,1.9344204696268437
0.1151,0.1801,62.5,1.564,2.1090144886952
0.1159,0.1731,62.5,1.494,2.0407331179834536
0.115,0.1809,62.5,1.572,2.1093432294932457
0.1143,0.1874,62.5,1.639,1.930791410297531
0.1147,0.182,62.5,1.587,2.011442132094844
0.1159,0.1656,62.5,1.429,2.0291270719125336
0.1149,0.1806,62.5,1.571,2.069558914780717
0.1149,0.1801,62.5,1.567,2.06185442775014
0.1162,0.168,62.5,1.446,2.0377768233380347
0.1153,0.1822,62.5,1.58,2.142411238026543
0.1153,0.1791,62.5,1.553,2.148296149369955
0.1158,0.1744,62.5,1.506,2.0623168298632444
0.1145,0.1837,62.5,1.604,1.962368573158984
0.115,0.1765,62.5,1.534,2.118814131734202
0.1165,0.1666,62.5,1.43,2.0267445243920723
0.1146,0.1824,62.5,1.592,2.022371348922707
0.1152,0.1792,62.5,1.555,2.1455639470332066
0.1153,0.1816,62.5,1.575,2.101303359317363
0.116,0.1716,62.5,1.479,2.0469131138912338
0.1146,0.1863,62.5,1.626,1.9473042009709816
0.1157,0.18,62.5,1.555,2.0852305402101
0.1148,0.1849,62.5,1.611,2.0092096662028487
0.1163,0.1704,62.5,1.465,2.030814875430693
0.1151,0.186,62.5,1.616,2.0752977215343202
0.1152,0.1799,62.5,1.562,2.1240671831122264
0.1158,0.1773,62.5,1.531,2.095699422456542
0.1144,0.1859,62.5,1.624,1.9334673502507727
0.1147,0.1828,62.5,1.594,2.004191455688005
0.1153,0.1784,62.5,1.547,2.1116613505479145
0.1162,0.1666,62.5,1.433,2.0237944039594358
0.1147,0.1883,75.0,1.641,1.9263431984234631
0.1161,0.1724,62.5,1.485,2.061545802901433
0.1153,0.179,62.5,1.553,2.156825771138286
0.1152,0.1819,62.5,1.578,2.1369512355083278
0.1157,0.177,62.5,1.529,2.1085033060692595
0.1148,0.1807,62.5,1.573,2.095943332426826
0.1142,0.1853,75.0,1.622,1.923955451663647
0.1156,0.1781,62.5,1.54,2.1453916548800382
0.1155,0.1798,62.5,1.556,2.1559838331078587
0.1151,0.1804,62.5,1.567,2.1471789953431113
0.1156,0.1777,62.5,1.537,2.133356040920658
0.1149,0.1816,62.5,1.581,2.06743423174465
0.1144,0.1851,75.0,1.618,1.9228795323499073
0.1157,0.1788,62.5,1.545,2.1393569177515848
0.1164,0.169,62.5,1.452,2.026997973609617
0.1164,0.1675,62.5,1.439,2.0274779151494844
0.1164,0.174,62.5,1.495,2.0616862087708885
0.115,0.1847,62.5,1.606,1.9673558778815268
0.1165,0.1713,62.5,1.47,2.050027947154427
0.1161,0.1758,62.5,1.514,2.0955978220832496
0.1154,0.1779,62.5,1.542,2.1566629944133218
0.1145,0.1835,62.5,1.603,1.9362414259414982
0.115,0.1839,62.5,1.599,1.9825150337312827
0.1149,0.1872,62.5,1.629,1.9627211717110884
0.1153,0.181,62.5,1.57,2.101532829918406
0.1148,0.1867,75.0,1.627,1.9261665052270174
0.1152,0.1816,62.5,1.576,2.0206952159173865
0.1162,0.1763,62.5,1.516,2.0790258607874508
0.1151,0.1838,62.5,1.597,1.98970930968758
0.1154,0.1822,62.5,1.579,2.0987035829196627
0.1157,0.1799,62.5,1.555,2.112884720075059
0.1148,0.1863,75.0,1.623,1.9253484931897318
0.1161,0.1751,62.5,1.508,2.088204206783593
0.1163,0.1708,62.5,1.468,2.0361608950223054
0.1155,0.1789,62.5,1.549,2.125225369208331
0.1165,0.1694,62.5,1.454,2.045164323378263
0.1149,0.1832,62.5,1.595,1.9692904195988834
0.116,0.182,62.5,1.569,2.1351973068785126
0.1149,0.1842,62.5,1.603,1.9436739964004357
0.1156,0.1796,62.5,1.553,2.1577825691950943
0.1164,0.1684,62.5,1.447,2.0302009678778368
0.115,0.1842,62.5,1.601,2.0610238925263813
0.1149,0.1844,62.5,1.605,1.9707696663001544
0.1149,0.1854,62.5,1.613,1.958696297379531
0.1147,0.1863,62.5,1.625,1.9474105591478381
0.1161,0.1743,62.5,1.502,2.069339715527055
0.1153,0.1784,62.5,1.547,2.1524588785847665
0.1158,0.1777,62.5,1.534,2.1336966633682946
0.1152,0.1811,62.5,1.572,2.0766383922749094
0.1165,0.1688,62.5,1.449,2.045398676304229
0.1155,0.1784,62.5,1.544,2.1355100204283746
0.1165,0.1669,62.5,1.433,2.0281197847341
0.1161,0.1753,62.5,1.51,2.068260716106483
0.1166,0.1703,62.5,1.46,2.0303385703625905
0.1167,0.1661,62.5,1.424,2.022847306579562
0.1166,0.1701,62.5,1.459,2.0517124137421408
0.1151,0.1837,62.5,1.596,2.0501047638739127
0.1147,0.1848,62.5,1.611,1.9416209969655356
0.1155,0.1845,62.5,1.597,2.156645760958876
0.1164,0.1688,62.5,1.45,2.0382965681469716
0.1164,0.1638,62.5,1.407,2.021973957119464
0.1152,0.1829,62.5,1.588,2.0968832343013393
0.1162,0.1806,62.5,1.555,2.1016753882924233
0.1146,0.1842,62.5,1.608,1.9317216040130176
0.1147,0.1855,62.5,1.618,1.9443296233501308
0.1147,0.1849,62.5,1.612,1.9382535011305848
0.1159,0.1744,62.5,1.504,2.0643974028260885
0.1166,0.1649,62.5,1.414,2.0238195701264337
0.1161,0.1757,62.5,1.514,2.1141217009651343
0.1148,0.1854,62.5,1.616,1.9549419777268247
0.1164,0.1675,62.5,1.439,2.0358492042520098
0.115,0.1882,62.5,1.637,2.001081249809094
0.1164,0.1757,62.5,1.51,2.060164201880931
0.1163,0.1702,62.5,1.463,2.0537574834296173
0.115,0.1808,62.5,1.572,2.0875878876020013
0.1156,0.1821,62.5,1.575,2.119067260397694
0.1163,0.1715,62.5,1.475,2.071294644277764
0.1162,0.1752,62.5,1.508,2.0721578607137925
0.115,0.1817,62.5,1.58,2.0408457787106786
0.1164,0.1723,62.5,1.48,2.04455597704882
0.1159,0.1767,62.5,1.525,2.114525753017866
0.1159,0.1752,62.5,1.511,2.102976209357276
0.1151,0.1833,62.5,1.593,2.0326830249539998
0.1153,0.1786,62.5,1.549,2.1600732949258576
0.115,0.1824,62.5,1.586,2.038395030011605
0.1165,0.1691,62.5,1.452,2.0419540115169386
0.1148,0.1838,62.5,1.601,1.9714431642410297
0.1164,0.1689,62.5,1.451,2.039155840490867
0.1151,0.1847,62.5,1.605,2.0047072579968677
0.1146,0.1846,62.5,1.61,1.9326439670833058
0.1149,0.1809,62.5,1.574,2.1136927558832492
0.1148,0.1855,62.5,1.616,1.9615293383732944
0.1163,0.1685,62.5,1.45,2.0377526282536946
0.1159,0.1781,62.5,1.537,2.142189797593952
0.115,0.1827,62.5,1.589,2.009718927182223
0.1158,0.1792,62.5,1.548,2.1419080594464277
0.1164,0.1663,62.5,1.428,2.0250746801039967
0.1147,0.1863,62.5,1.624,1.9702883538942393
0.1165,0.1697,62.5,1.456,2.0281378277122064
0.1161,0.1755,62.5,1.511,2.0919590317577965
0.1148,0.1827,62.5,1.591,2.0066858990162766
0.1168,0.1681,62.5,1.439,2.0396733778564418
0.1157,0.1753,62.5,1.515,2.1047672980844156
0.1143,0.1835,62.5,1.606,1.9605314466109858
0.1147,0.1841,62.5,1.604,1.9511301919913866
0.1154,0.176,62.5,1.525,2.1528044391817693
0.1164,0.1701,62.5,1.461,2.0297485244082916
0.1165,0.1664,62.5,1.428,2.0259307308208476
0.1147,0.1863,62.5,1.624,1.9628720079998374
0.1157,0.1789,62.5,1.546,2.120906064292785
0.1165,0.1658,62.5,1.423,2.0253105846879196
0.1156,0.1814,62.5,1.569,2.1529982222809676
0.1152,0.1776,62.5,1.542,2.1519001984637076
0.1163,0.1714,62.5,1.473,2.0561663353894106
0.1156,0.1769,62.5,1.531,2.119910858655543
0.115,0.1833,62.5,1.594,2.062316484256139
0.1152,0.1796,62.5,1.56,2.1355769148243855
0.1161,0.1722,62.5,1.483,2.073903440189321
0.1146,0.1722,62.5,1.502,2.068619854496474
0.116,0.169,62.5,1.457,2.04298179405444
0.1155,0.1766,62.5,1.528,2.11367471805609
RMS,Peak,Freq,Crest,THD
0.1144,0.1795,62.5,1.569,2.087558635080162
0.1161,0.1643,62.5,1.415,2.025419869207268
0.1163,0.1692,62.5,1.454,2.0329074406170093
0.1147,0.1856,62.5,1.618,2.019077629595805
0.1144,0.1857,62.5,1.624,1.9442015261929828
0.1142,0.1869,75.0,1.636,1.9275410419898973
0.1152,0.1819,62.5,1.579,2.085804877924567
0.1143,0.1854,75.0,1.622,1.9275815726060685
0.1164,0.1735,62.5,1.491,2.070266293829718
0.1152,0.1792,62.5,1.555,2.1476397960238454
0.115,0.1782,62.5,1.549,2.1365444806377796
0.1162,0.1728,62.5,1.488,2.0507826490629575
0.1144,0.1812,62.5,1.584,2.0576159210044964
0.1142,0.1839,62.5,1.61,1.9449144075965767
0.1143,0.1853,62.5,1.621,1.9437304048745792
0.1151,0.18,62.5,1.564,2.134668304972219
0.1151,0.1816,62.5,1.578,2.1063390120486916
0.116,0.1709,62.5,1.473,2.0464759135858124
0.116,0.1704,62.5,1.469,2.0394172804779593
0.1153,0.1798,62.5,1.56,2.150510805088811
0.1142,0.184,62.5,1.611,1.9434296652091116
0.1158,0.1752,62.5,1.513,2.0951941767770776
0.1147,0.1868,62.5,1.629,1.971295760333685
0.1143,0.1849,75.0,1.618,1.9362716451614401
0.1162,0.1652,62.5,1.422,2.0272335672093234
0.1151,0.1813,62.5,1.575,2.1545748305587398
0.1153,0.1823,62.5,1.582,2.1421635222896347
0.115,0.1792,62.5,1.558,2.110995934648133
0.1164,0.1652,62.5,1.42,2.02341990160915
0.115,0.1843,62.5,1.603,2.048117407450809
0.1147,0.1826,62.5,1.593,2.0143420900669438
0.1143,0.1831,62.5,1.602,1.9421931560553038
0.1153,0.1823,62.5,1.582,2.1186538793326632
0.1151,0.1795,62.5,1.559,2.09198523869096
0.1161,0.1717,62.5,1.479,2.042609307425412
0.1148,0.1826,62.5,1.59,2.0503904927608865
0.1147,0.1835,62.5,1.599,2.027656687767391
0.1159,0.1734,62.5,1.496,2.0806509410972565
0.1163,0.1671,62.5,1.437,2.0361266706018157
0.1164,0.1715,62.5,1.474,2.0220687351958335
0.1161,0.1696,62.5,1.46,2.0505251413608425
0.1148,0.1815,62.5,1.582,2.043892548173879
0.1164,0.1703,62.5,1.463,2.0312120473428594
0.1152,0.1832,62.5,1.591,2.0355996254513626
0.1156,0.1772,62.5,1.534,2.137740191539901
0.1163,0.1667,62.5,1.433,2.0234156201371465
0.1159,0.1709,62.5,1.475,2.0532047541253693
0.1152,0.1849,62.5,1.605,2.1270002025778423
0.1159,0.1741,62.5,1.502,2.0823230679734936
0.1144,0.1873,62.5,1.638,1.9384855089831494
0.115,0.1842,62.5,1.601,2.113027899509478
0.1162,0.1706,62.5,1.469,2.052368856774321
0.1142,0.1862,62.5,1.631,1.951544533258783
0.1152,0.1799,62.5,1.561,2.146567490782884
0.1145,0.1843,62.5,1.609,1.9362036845709578
0.116,0.1752,62.5,1.511,2.069296138373448
0.1161,0.1692,62.5,1.457,2.038554906357072
0.1145,0.1851,62.5,1.616,1.963350300641614
0.1159,0.1696,62.5,1.463,2.0407281792184264
0.1159,0.1666,62.5,1.437,2.0376439872482504
0.1153,0.1796,62.5,1.558,2.160251845384475
0.1159,0.1772,62.5,1.529,2.0891640360745036
0.1162,0.1661,62.5,1.429,2.0280203626042086
0.1148,0.1814,62.5,1.58,2.0934751425681517
0.1149,0.1827,62.5,1.59,2.0512880513384473
0.1156,0.1843,62.5,1.594,2.1476097765101994
0.1151,0.1781,62.5,1.547,2.1522319794668467
0.1144,0.1853,75.0,1.62,1.9322394037519437
0.1162,0.1713,62.5,1.474,2.0424247850360144
0.1156,0.1755,62.5,1.518,2.1180080927212446
0.1143,0.1841,62.5,1.61,1.9459632346775066
0.1164,0.1687,62.5,1.448,2.032979108352735
0.1148,0.1832,62.5,1.596,2.0062036382286856
0.1148,0.1845,62.5,1.608,2.0568326039206943
0.1144,0.1859,62.5,1.626,1.9727438238423276
0.1146,0.1898,75.0,1.656,1.9288718660927875
0.1159,0.1703,62.5,1.469,2.062174413145889
0.1146,0.1842,62.5,1.608,1.9372641813084672
0.1151,0.1788,62.5,1.553,2.130897850798081
0.1161,0.1636,62.5,1.409,2.023218508342602
0.115,0.1835,62.5,1.596,2.087473020609429
0.1154,0.178,62.5,1.542,2.125214860693422
0.1142,0.1893,62.5,1.657,1.9452049264821145
0.1163,0.1677,62.5,1.442,2.0294363813356897
0.116,0.1722,62.5,1.485,2.056023346654833
0.1147,0.1785,62.5,1.556,2.081329473397333
0.1145,0.1853,75.0,1.617,1.9271733085160025
0.1162,0.1673,62.5,1.44,2.0351053036506244
0.1163,0.1673,62.5,1.439,2.0308401583720572
0.1149,0.1817,62.5,1.581,2.0443049501584576
0.1147,0.1848,62.5,1.61,1.9710223525410764
0.1154,0.1806,62.5,1.566,2.08554648944634
0.1162,0.1713,62.5,1.475,2.047579068272554
0.115,0.1869,62.5,1.626,1.9527049820159086
0.1148,0.183,62.5,1.594,2.034456571395089
0.1157,0.1768,62.5,1.528,2.0964257339570427
0.115,0.1805,62.5,1.569,2.0951875130343462
0.115,0.1823,62.5,1.585,2.1081173039952437
0.1156,0.1767,62.5,1.529,2.098301343053708
0.1165,0.1674,62.5,1.437,2.032364049559185
0.116,0.1737,62.5,1.498,2.091649335843736
0.116,0.1746,62.5,1.505,2.108305470808841
0.1144,0.1898,75.0,1.659,1.930551440237643
0.115,0.1845,62.5,1.605,1.9830406160322764
0.1153,0.179,62.5,1.553,2.150158131878494
0.1153,0.1801,62.5,1.562,2.1367249149892356
0.1152,0.183,62.5,1.589,2.1011538529899494
0.1161,0.1776,62.5,1.53,2.1183521382960744
0.1155,0.1774,62.5,1.536,2.134491206702006
0.1159,0.1766,62.5,1.524,2.0850750988622853
0.1151,0.1782,62.5,1.549,2.160179759907862
0.1165,0.1688,62.5,1.449,2.0422814137223133
0.1145,0.1841,62.5,1.607,1.9707827148851893
0.1162,0.1645,62.5,1.416,2.0225577170003626
0.1143,0.1866,62.5,1.633,1.9340167097048844
0.1163,0.167,62.5,1.437,2.034140512675464
0.1144,0.1862,62.5,1.627,1.9515238822413647
0.1165,0.167,62.5,1.434,2.0284116238042293
0.1157,0.1762,62.5,1.523,2.117915733237253
0.1162,0.1699,62.5,1.462,2.035033292437097
0.1163,0.1707,62.5,1.467,2.027587473394405
0.1145,0.1836,62.5,1.604,1.9981083569871774
0.1144,0.1881,75.0,1.645,1.9278395426708987
0.1157,0.1765,62.5,1.526,2.119395284132443
0.116,0.1713,62.5,1.477,2.059466424956365
0.116,0.1741,62.5,1.501,2.07323488241787
0.1151,0.1785,62.5,1.551,2.15962405713201
0.1162,0.1661,62.5,1.43,2.0253951111275175
0.116,0.1711,62.5,1.475,2.0557239513196883
0.1141,0.1882,75.0,1.649,1.9217425139219702
0.1153,0.1781,62.5,1.545,2.145901601279689
0.116,0.1744,62.5,1.504,2.074241011092934
0.1161,0.1684,62.5,1.451,2.036288848664292
0.1145,0.1839,62.5,1.607,1.9585842280972172
0.1148,0.181,62.5,1.577,2.06138909108649
0.1143,0.1843,62.5,1.612,1.997989266465764
0.1149,0.179,62.5,1.558,2.1552155891892903
0.1159,0.1728,62.5,1.491,2.0919210312325736
0.1162,0.1723,62.5,1.482,2.0488539783876263
0.1145,0.1818,62.5,1.588,2.070752426855487
0.1145,0.1859,62.5,1.623,1.9350590125482892
0.1139,0.1848,62.5,1.623,1.93164553258771
0.1157,0.1736,62.5,1.501,2.0826235386388454
0.1162,0.1696,62.5,1.459,2.0245501030200495
0.1141,0.1857,75.0,1.628,1.9264207019163442
0.1148,0.1821,62.5,1.586,2.09084242351205
0.1163,0.1707,62.5,1.468,2.0402466452700585
0.1144,0.1811,62.5,1.582,2.1466740101878092
0.1148,0.1836,62.5,1.599,2.026678549047281
0.1138,0.1865,62.5,1.639,1.9493936455858243
0.1143,0.1857,62.5,1.624,1.9951570162726542
0.1154,0.1775,62.5,1.539,2.0914767348901298
0.1157,0.1682,62.5,1.454,2.0234833385296715
0.1155,0.1752,62.5,1.517,2.097766318530458
0.1142,0.1851,62.5,1.62,2.0040413816189635
0.1145,0.1875,62.5,1.638,1.9375391339802697
0.1156,0.1815,62.5,1.57,2.1454609609768043
0.1148,0.1799,62.5,1.568,2.122458909541425
0.1162,0.1717,62.5,1.478,2.0633460526701524
0.1154,0.1777,62.5,1.54,2.1169715902863926
0.1147,0.1829,62.5,1.594,2.052235577350486
0.1146,0.1778,62.5,1.552,2.151176907569925
0.1159,0.1688,62.5,1.456,2.0363540516907292
0.115,0.1807,62.5,1.572,2.152693310270266
0.1142,0.1827,62.5,1.6,1.9791483478542347
0.1149,0.1811,62.5,1.576,2.0869766830784866
0.1161,0.173,62.5,1.49,2.0464789492386553
0.1142,0.1846,75.0,1.616,1.9282505514006392
0.1162,0.167,62.5,1.437,2.0364525437587706
0.1143,0.1881,62.5,1.646,1.9390679811347904
0.1159,0.1733,62.5,1.496,2.0890160120127645
0.1145,0.1803,62.5,1.575,2.0603884490523585
0.1147,0.1818,62.5,1.586,2.0846006553397167
0.1155,0.1747,62.5,1.513,2.107871909012336
0.1147,0.1827,62.5,1.593,2.0378022228997916
0.1154,0.1751,62.5,1.518,2.0735291322276006
0.1148,0.1871,62.5,1.63,2.007195287802459
0.1155,0.167,62.5,1.445,2.02684143485338
0.1149,0.175,62.5,1.523,2.106936653369344
0.1144,0.1861,62.5,1.626,1.9763567707664735
0.1157,0.1741,62.5,1.505,2.061560791257778
0.1142,0.1843,62.5,1.614,1.9369713395163073
0.1158,0.1742,62.5,1.505,2.067704900156847
0.1156,0.1699,62.5,1.47,2.0342834781142294
0.1149,0.1824,62.5,1.588,2.0831029147458087
0.1152,0.1789,62.5,1.553,2.130676251934847
0.1141,0.1849,62.5,1.621,1.9447970627921158
0.1142,0.1854,62.5,1.623,1.9358484869821417
0.1143,0.1849,62.5,1.617,2.003508220292883
0.1157,0.1734,62.5,1.498,2.0461077444496145
0.1161,0.1705,62.5,1.468,2.0498330098185713
0.1159,0.1766,62.5,1.524,2.1000722717072424
0.1141,0.1851,62.5,1.622,1.9296497850176608
0.1158,0.1672,62.5,1.444,2.027927251407741
0.1156,0.1751,62.5,1.514,2.060727494135697
0.116,0.1702,62.5,1.467,2.052004274082122
0.1153,0.1793,62.5,1.555,2.123798249308794
0.1142,0.1828,62.5,1.601,1.9913128270189422
0.1159,0.1735,62.5,1.497,2.0692078929065443
0.1146,0.1829,62.5,1.596,2.0306798374211135
0.1149,0.1779,62.5,1.549,2.140432429392197
0.1151,0.1789,62.5,1.554,2.114089074373309
0.1145,0.1864,62.5,1.628,1.9793589859361498
0.1156,0.1693,62.5,1.465,2.0402033061437255
0.1144,0.1847,62.5,1.614,1.9281192720587708
0.1159,0.1741,62.5,1.502,2.0558596752130085
0.1147,0.1813,62.5,1.58,2.0985191407699006
0.1153,0.1811,62.5,1.57,2.1149169619931043
0.1161,0.1667,62.5,1.435,2.022692285487697